algorithm,n,matrix_mib,repeats,avg_ms,checksum
naive_column_major,32768,8192.00,1,41493.053000,61609495488845.281
cache_optimized_row_major,32768,8192.00,1,664.740000,61609495488845.281
