algorithm,n,repeats,avg_ms,result
naive_chain,2048,1000,0.000890,29010.750
two_way_chain,2048,1000,0.000452,29010.750
pairwise_reduction,2048,1000,0.000587,29010.750
