algorithm,n,repeats,avg_ms,result
naive_chain,8192,1000,0.003638,116337.000
two_way_chain,8192,1000,0.001730,116337.000
pairwise_reduction,8192,1000,0.003193,116337.000
