algorithm,n,repeats,avg_ms,result
naive_chain,16384,1000,0.007332,233458.000
two_way_chain,16384,1000,0.003606,233458.000
pairwise_reduction,16384,1000,0.006953,233458.000
