algorithm,n,repeats,avg_ms,result
naive_chain,16384,1000,0.007338,233458.000
two_way_chain,16384,1000,0.003786,233458.000
pairwise_reduction,16384,1000,0.006917,233458.000
