algorithm,n,repeats,avg_ms,result
naive_chain,4096,1000,0.001754,58070.500
two_way_chain,4096,1000,0.000855,58070.500
pairwise_reduction,4096,1000,0.001323,58070.500
