algorithm,n,repeats,avg_ms,result
naive_chain,1024,1000,0.000411,14499.250
two_way_chain,1024,1000,0.000214,14499.250
pairwise_reduction,1024,1000,0.000345,14499.250
