algorithm,n,matrix_mib,repeats,avg_ms,checksum
cache_optimized_row_major,16384,2048.00,1,143.640000,7711075362253.000
naive_column_major,16384,2048.00,1,3431.460000,7711075362253.000
