algorithm,n,repeats,avg_ms,result
naive_chain,16384,100,0.014790,233458.000
two_way_chain,16384,100,0.007810,233458.000
two_way_chain,16384,1000,0.006992,233458.000
naive_chain,16384,1000,0.007159,233458.000
two_way_chain,16384,1000,0.003697,233458.000
pairwise_reduction,16384,1000,0.007299,233458.000
naive_chain,16384,1000,0.007308,233458.000
